epoch,step,name,value
1,1,loss,2.316152811050415
1,1,step_cap,200.0
1,2,loss,2.3069798946380615
1,2,step_cap,200.0
1,3,loss,1.4441291093826294
1,3,step_cap,200.0
1,4,loss,1.3695366382598877
1,4,step_cap,200.0
1,5,loss,2.208468437194824
1,5,step_cap,200.0
