epoch,step,name,value
1,1,loss,2.040975570678711
1,1,step_cap,200.0
1,2,loss,2.8003334999084473
1,2,step_cap,200.0
1,3,loss,1.7181782722473145
1,3,step_cap,200.0
1,4,loss,2.061924457550049
1,4,step_cap,200.0
1,5,loss,10.523242950439453
1,5,step_cap,200.0
1,6,loss,3.442129135131836
1,6,step_cap,200.0
