epoch,step,name,value
1,1,loss,1.74318265914917
1,1,step_cap,200.0
1,2,loss,2.344874382019043
1,2,step_cap,200.0
1,3,loss,1.5469086170196533
1,3,step_cap,200.0
1,4,loss,1.7483785152435303
1,4,step_cap,200.0
1,5,loss,1.6205369234085083
1,5,step_cap,200.0
1,6,loss,2.8864283561706543
1,6,step_cap,200.0
1,7,loss,2.4434473514556885
1,7,step_cap,200.0
1,8,loss,2.478058099746704
1,8,step_cap,200.0
1,9,loss,2.2823166847229004
1,9,step_cap,200.0
