epoch,step,name,value
1,1,loss,2.2898082733154297
1,1,step_cap,200.0
1,2,loss,1.9198408126831055
1,2,step_cap,200.0
1,3,loss,1.9551405906677246
1,3,step_cap,200.0
1,4,loss,1.6922978162765503
1,4,step_cap,200.0
1,5,loss,1.6997909545898438
1,5,step_cap,200.0
1,6,loss,1.844611644744873
1,6,step_cap,200.0
1,7,loss,1.551517128944397
1,7,step_cap,200.0
