epoch,step,name,value
1,1,loss,1.9967286586761475
1,1,step_cap,200.0
1,2,loss,1.2787632942199707
1,2,step_cap,200.0
1,3,loss,1.7041651010513306
1,3,step_cap,200.0
