{
    "PREP": 4.835913419723511,
    "EPOCHS": [
        271.6520354747772
    ],
    "EVAL": -1
}