{
    "PREP": 4.779074430465698,
    "EPOCHS": [
        263.5246829986572,
        276.1470699310303
    ],
    "EVAL": -1
}