{
    "PREP": 4.781743288040161,
    "EPOCHS": [
        260.50755500793457
    ],
    "EVAL": -1
}