{
    "PREP": 4.748533248901367,
    "EPOCHS": [
        266.5596876144409
    ],
    "EVAL": -1
}