{
    "PREP": 4.74174952507019,
    "EPOCHS": [
        550.5930256843567
    ],
    "EVAL": -1
}