{
    "PREP": 4.805131435394287,
    "EPOCHS": [
        260.7900149822235,
        225.59851145744324
    ],
    "EVAL": -1
}