{
    "PREP": 4.7887282371521,
    "EPOCHS": [
        232.01457047462463
    ],
    "EVAL": -1
}