{
    "PREP": 14.103010892868042,
    "EPOCHS": [
        257.23730874061584
    ],
    "EVAL": -1
}