{
    "PREP": 29.725098848342896,
    "EPOCHS": [
        302.6905052661896,
        287.0106122493744,
        262.5558352470398,
        296.2956404685974,
        255.77867221832275,
        275.95909452438354,
        265.7064371109009,
        258.26515460014343
    ],
    "EVAL": -1
}