{
    "PREP": 4.871309041976929,
    "EPOCHS": [
        525.9107241630554
    ],
    "EVAL": -1
}