{
    "PREP": 4.772567510604858,
    "EPOCHS": [
        293.7306969165802,
        274.9142315387726,
        264.4979474544525,
        261.49610114097595,
        251.36704349517822
    ],
    "EVAL": 0.00017690658569335938
}