{
    "PREP": 4.773420333862305,
    "EPOCHS": [
        295.7513999938965
    ],
    "EVAL": -1
}