{
    "PREP": 3.1286442279815674,
    "EPOCHS": [
        64.7577896118164,
        41.36194109916687,
        42.7761971950531
    ]
}