{
    "PREP": 4.769076824188232,
    "EPOCHS": [
        272.2116320133209
    ],
    "EVAL": -1
}