{
    "PREP": 4.760286092758179,
    "EPOCHS": [
        281.24650859832764,
        246.15741610527039,
        285.0566599369049,
        258.24305295944214
    ],
    "EVAL": -1
}