{
    "PREP": 5.066145420074463,
    "EPOCHS": [
        277.3096659183502,
        279.8259119987488
    ],
    "EVAL": -1
}