{
    "PREP": 4.757209062576294,
    "EPOCHS": [
        273.7304162979126,
        259.85036969184875,
        264.38879013061523
    ],
    "EVAL": -1
}