{
    "PREP": 4.785672903060913,
    "EPOCHS": [
        282.2566866874695
    ],
    "EVAL": -1
}