{
    "PREP": 4.852916240692139,
    "EPOCHS": [
        255.275310754776
    ],
    "EVAL": -1
}