{
    "PREP": 4.749387979507446,
    "EPOCHS": [
        245.46157431602478,
        266.136221408844
    ],
    "EVAL": -1
}