{
    "PREP": 4.803226709365845,
    "EPOCHS": [
        259.9485936164856
    ],
    "EVAL": -1
}