{
    "PREP": 4.754579782485962,
    "EPOCHS": [
        304.3343303203583,
        276.71116757392883
    ],
    "EVAL": -1
}